name,time
Tuebingen,775.7552390416463
AN,103.60585997899373
ANs,108.21553459564845
LS,103.33181072473526
LSs,111.45151990652084
