sample_idx,marginal_diff
1,0.0952916145324707
2,-0.060881614685058594
3,0.2517707347869873
4,-0.08872389793395996
5,0.06929779052734375
