name,time
Tuebingen,206.67495456933975
AN,0.4686034321784973
ANs,0.43729848861694337
LS,0.607988965511322
LSs,0.5003346522649129
